Device ID,Date Connected,Device name,Device type,Household ID,Router Connection,Sends,Receives
EWR-1234,01/01/23,Encost Router 360,Router,WKO-1234,-,Yes,Yes
ELB-4567,01/01/23,Encost Smart Bulb B22 (white),Light Bulb,WKO-1234,EWR-1234,No,Yes
EK-9876,01/01/23,Encost Smart Jug,Kettle,WKO-1234,EWR-1234,Yes,No
EHC-2468,01/01/23,Encost Smart Hub 2.0,Hub/Controller,WKO-1234,EWR-1234,Yes,Yes
ESW-5555,01/01/23,Encost Smart Washer,Washing Machine/Dryer,WKO-1234,EWR-1234,No,Yes
EWR-2345,01/01/23,Encost Router Plus,Router,AUK-2345,-,Yes,Yes
ESW-3333,01/01/23,Encost Smart Washer,Washing Machine/Dryer,AUK-2345,EWR-2345,Yes,Yes