EWR-1234,01/01/2023,Encost Router 360,Router,WKO-1234,-,Yes,Yes
ELB-4567,01/01/2023,Encost Smart Bulb B22 (white),Light bulb,WKO-1234,EWR-1234,No,Yes
EK-9876,01/01/2023,Encost Smart Jug,Kettle,WKO-1234,EWR-1234,Yes,No
EHC-2468,01/01/2023,Encost Smart Hub 2.0,Hub/Controller,WKO-1234,EWR-1234,Yes,Yes
ESW-5555,01/01/2023,Encost Smart Washer,Washing Machine/Dryer,WKO-1234,EWR-1234,No,Yes
EWR-2345,01/01/2023,Encost Router Plus,Router,AUK-2345,-,Yes,Yes
ESW-3333,01/01/2023,Encost Smart Washer,Washing Machine/Dryer,AUK-2345,EWR-2345,Yes,Yes
EWR-1357,02/02/2023,Encost Router 360,Router,BOP-7654,-,Yes,Yes
ELB-3579,02/02/2023,Encost Novelty Light (giraffe),Other Lighting,BOP-7654,EWR-1357,No,Yes
EWR-1122,02/02/2023,Encost Router 360,Router,BOP-2222,-,Yes,Yes
EWR-1358,03/03/2023,Encost Router 360,Router,BOP-7654,-,Yes,Yes
EK-9877,03/03/2023,Encost Smart Jug,Kettle,BOP-7654,EWR-1358,Yes,No